<?xml version="1.0" encoding="UTF-8"?>
<VAST version="3.0">
  <Ad id="1">
    <InLine>
      <AdSystem>Example</AdSystem>
      <AdTitle/>
      <Creatives>
        <Creative sequence="1" id="1">
          <Linear skipoffset="00:00:03">
            <TrackingEvents>
            </TrackingEvents>
            <VideoClicks>
              <ClickThrough><![CDATA[https://www.fluidplayer.com/]]></ClickThrough>
            </VideoClicks>
            <MediaFiles>
              <MediaFile delivery="progressive" type="video/mp4"><![CDATA[http://cdn.fluidplayer.com/1.1.0//examples/pre-ad.mp4]]></MediaFile>
            </MediaFiles>
          </Linear>
        </Creative>
      </Creatives>
    </InLine>
  </Ad>
</VAST>
